rank,score,cat,dup,source,file,path,w,h,aspect,kb,bright,contrast,sat,sharp,d_render
1,8.05,A,UNIQUE,EXTRA,Beirut Streets Skillz.jpg,C:\Users\djlet\Documents\00- Knowledge\Skillz HQ (Site)\Website Assets\EXTRA\Beirut Streets Skillz.jpg,380,266,1.429,16,141.4,86.7,8144.5,28.4,
2,8.04,A,UNIQUE,Flyers,"ACE (Zouk, Kuala Lumpur).jpg","C:\Users\djlet\Documents\00- Knowledge\Skillz HQ (Site)\Website Assets\Flyers\New folder\ACE (Zouk, Kuala Lumpur).jpg",850,850,1.0,132,80.4,79.0,6232.9,31.5,
3,7.9,A,UNIQUE,Events,646373486_10233005658859659_6439096460911724183_n.jpg,C:\Users\djlet\Documents\00- Knowledge\Skillz HQ (Site)\Website Assets\Events\646373486_10233005658859659_6439096460911724183_n.jpg,612,612,1.0,77,69.9,82.1,7492.8,28.7,
4,7.9,A,UNIQUE,Flyers,"Redbull 3Styles (Lebanon, Judge).jpg","C:\Users\djlet\Documents\00- Knowledge\Skillz HQ (Site)\Website Assets\Flyers\New folder\Redbull 3Styles (Lebanon, Judge).jpg",1191,1684,0.707,392,143.4,76.5,5707.5,29.8,
5,7.88,A,UNIQUE,EXTRA,466160986_10227716266908166_8666913112085897147_n.jpg,C:\Users\djlet\Documents\00- Knowledge\Skillz HQ (Site)\Website Assets\EXTRA\466160986_10227716266908166_8666913112085897147_n.jpg,1024,768,1.333,150,104.5,84.4,6602.8,34.7,
6,7.77,D,IN FRAGMENTS,Flyers,Redbul Breaking.jpg,C:\Users\djlet\Documents\00- Knowledge\Skillz HQ (Site)\Website Assets\Flyers\New folder\Redbul Breaking.jpg,421,595,0.708,75,131.9,96.4,9591.2,43.7,
7,7.74,A,UNIQUE,Events,Cambodia Pre Party.jpg,C:\Users\djlet\Documents\00- Knowledge\Skillz HQ (Site)\Website Assets\Events\Cambodia Pre Party.jpg,720,720,1.0,81,72.1,69.5,5130.0,25.2,
8,7.63,D,IN FRAGMENTS,Events,"DMC World Championship (GCC Battles, Dubai).jpg","C:\Users\djlet\Documents\00- Knowledge\Skillz HQ (Site)\Website Assets\Events\DMC World Championship (GCC Battles, Dubai).jpg",442,332,1.331,31,95.2,87.6,10021.5,30.7,
9,7.55,A,UNIQUE,EXTRA,644331389_10232893042644324_5817311467096704408_n.jpg,C:\Users\djlet\Documents\00- Knowledge\Skillz HQ (Site)\Website Assets\EXTRA\644331389_10232893042644324_5817311467096704408_n.jpg,612,612,1.0,78,107.6,78.7,7005.0,25.5,
10,7.5,A,UNIQUE,Flyers,466923346_10227791890598711_1219156494770707265_n.jpg,C:\Users\djlet\Documents\00- Knowledge\Skillz HQ (Site)\Website Assets\Flyers\New folder\466923346_10227791890598711_1219156494770707265_n.jpg,1080,1080,1.0,202,120.6,73.8,6741.3,27.5,
11,7.38,D,IN FRAGMENTS,Flyers,"One Nation Under A Groove (M1, Dead Prez, Pharao Monch).jpg","C:\Users\djlet\Documents\00- Knowledge\Skillz HQ (Site)\Website Assets\Flyers\New folder\One Nation Under A Groove (M1, Dead Prez, Pharao Monch).jpg",397,595,0.667,46,77.7,86.4,7780.1,32.1,
12,7.3,B,SIMILAR,Flyers,468549987_10162040438890309_2275257481473012779_n.jpg,C:\Users\djlet\Documents\00- Knowledge\Skillz HQ (Site)\Website Assets\Flyers\New folder\468549987_10162040438890309_2275257481473012779_n.jpg,486,720,0.675,101,90.2,77.5,6090.2,44.3,
13,7.28,D,IN FRAGMENTS,Flyers,DJ Lethal Skillz Performing in Cambodia (South East Asia).jpg,C:\Users\djlet\Documents\00- Knowledge\Skillz HQ (Site)\Website Assets\Flyers\New folder\DJ Lethal Skillz Performing in Cambodia (South East Asia).jpg,509,720,0.707,82,105.8,79.3,8482.2,36.2,
14,7.27,A,UNIQUE,EXTRA,597616151_10231898997593819_4634836209964069667_n (2).jpg,C:\Users\djlet\Documents\00- Knowledge\Skillz HQ (Site)\Website Assets\EXTRA\597616151_10231898997593819_4634836209964069667_n (2).jpg,401,603,0.665,27,105.5,86.0,7444.3,12.2,
15,7.23,A,UNIQUE,Flyers,637810171_10232772044259440_6047277761230086188_n.jpg,C:\Users\djlet\Documents\00- Knowledge\Skillz HQ (Site)\Website Assets\Flyers\New folder\637810171_10232772044259440_6047277761230086188_n.jpg,852,348,2.448,73,93.8,83.6,8915.5,30.1,
16,7.17,B,UNIQUE,EXTRA,648122798_10232986766107352_6572204769266954674_n.jpg,C:\Users\djlet\Documents\00- Knowledge\Skillz HQ (Site)\Website Assets\EXTRA\648122798_10232986766107352_6572204769266954674_n.jpg,612,612,1.0,75,71.5,66.7,5001.9,25.7,
17,7.1,B,SIMILAR,Flyers,468538795_10162040438885309_944568478199555105_n.jpg,C:\Users\djlet\Documents\00- Knowledge\Skillz HQ (Site)\Website Assets\Flyers\New folder\468538795_10162040438885309_944568478199555105_n.jpg,489,720,0.679,84,101.5,85.3,8184.2,32.1,
18,7.09,B,UNIQUE,Flyers,556782957_25120975390840140_2577421396250535979_n.jpg,C:\Users\djlet\Documents\00- Knowledge\Skillz HQ (Site)\Website Assets\Flyers\New folder\556782957_25120975390840140_2577421396250535979_n.jpg,678,960,0.706,105,82.0,89.4,8725.1,22.7,
19,7.04,B,UNIQUE,Flyers,468909278_10162040434705309_1680878962338450467_n.jpg,C:\Users\djlet\Documents\00- Knowledge\Skillz HQ (Site)\Website Assets\Flyers\New folder\468909278_10162040434705309_1680878962338450467_n.jpg,514,720,0.714,94,114.2,70.4,5570.9,38.2,
20,7.02,B,UNIQUE,Flyers,468637445_10162040433450309_6598567887342780435_n.jpg,C:\Users\djlet\Documents\00- Knowledge\Skillz HQ (Site)\Website Assets\Flyers\New folder\468637445_10162040433450309_6598567887342780435_n.jpg,200,283,0.707,11,199.1,65.5,4135.5,33.2,
21,6.95,B,UNIQUE,Flyers,645279694_10232921304630856_234951730744631508_n.jpg,C:\Users\djlet\Documents\00- Knowledge\Skillz HQ (Site)\Website Assets\Flyers\New folder\645279694_10232921304630856_234951730744631508_n.jpg,680,960,0.708,176,74.8,59.8,5849.0,36.5,
22,6.89,B,UNIQUE,EXTRA,506257964_10229824135643567_3924033273123002221_n.jpg,C:\Users\djlet\Documents\00- Knowledge\Skillz HQ (Site)\Website Assets\EXTRA\506257964_10229824135643567_3924033273123002221_n.jpg,425,319,1.332,26,75.4,70.9,5453.7,20.6,
23,6.86,B,UNIQUE,EXTRA,Record Shop KL.jpg,C:\Users\djlet\Documents\00- Knowledge\Skillz HQ (Site)\Website Assets\EXTRA\Record Shop KL.jpg,600,449,1.336,54,104.5,58.7,3848.7,29.0,
24,6.75,B,UNIQUE,Flyers,656842731_10233338704585594_2075786044785499221_n.jpg,C:\Users\djlet\Documents\00- Knowledge\Skillz HQ (Site)\Website Assets\Flyers\New folder\656842731_10233338704585594_2075786044785499221_n.jpg,600,600,1.0,58,101.4,66.6,5272.3,20.3,
25,6.73,B,UNIQUE,Flyers,468652500_10162040434720309_8711784989802639453_n.jpg,C:\Users\djlet\Documents\00- Knowledge\Skillz HQ (Site)\Website Assets\Flyers\New folder\468652500_10162040434720309_8711784989802639453_n.jpg,720,480,1.5,79,48.6,66.7,5272.4,31.7,
26,6.73,C,SIMILAR,Flyers,645447142_10232946697385659_3244985692225319941_n.jpg,C:\Users\djlet\Documents\00- Knowledge\Skillz HQ (Site)\Website Assets\Flyers\New folder\645447142_10232946697385659_3244985692225319941_n.jpg,612,612,1.0,61,104.9,87.5,10302.8,20.1,
27,6.72,C,SIMILAR,Flyers,468802901_10162040435835309_7249868389816125370_n.jpg,C:\Users\djlet\Documents\00- Knowledge\Skillz HQ (Site)\Website Assets\Flyers\New folder\468802901_10162040435835309_7249868389816125370_n.jpg,495,720,0.688,46,62.6,93.4,9008.1,20.4,
28,6.63,B,UNIQUE,EXTRA,642943634_10232873175427656_6913214180972021057_n.jpg,C:\Users\djlet\Documents\00- Knowledge\Skillz HQ (Site)\Website Assets\EXTRA\642943634_10232873175427656_6913214180972021057_n.jpg,612,612,1.0,73,156.1,71.3,4594.3,22.5,
29,6.54,B,UNIQUE,Flyers,638546357_10232773466414993_6740838807331398674_n.jpg,C:\Users\djlet\Documents\00- Knowledge\Skillz HQ (Site)\Website Assets\Flyers\New folder\638546357_10232773466414993_6740838807331398674_n.jpg,821,1200,0.684,202,114.2,67.6,6068.1,24.7,
30,6.5,B,UNIQUE,Flyers,646278435_10233024777497613_9177096668038388568_n.jpg,C:\Users\djlet\Documents\00- Knowledge\Skillz HQ (Site)\Website Assets\Flyers\New folder\646278435_10233024777497613_9177096668038388568_n.jpg,720,266,2.707,30,197.2,81.5,6557.2,30.4,
31,6.41,B,UNIQUE,EXTRA,506511204_10229873506037796_3305556290422338367_n.jpg,C:\Users\djlet\Documents\00- Knowledge\Skillz HQ (Site)\Website Assets\EXTRA\506511204_10229873506037796_3305556290422338367_n.jpg,720,479,1.503,47,141.1,74.2,5437.8,12.2,
32,6.33,B,UNIQUE,Flyers,468335060_10161886676890309_7506949599628995618_n.jpg,C:\Users\djlet\Documents\00- Knowledge\Skillz HQ (Site)\Website Assets\Flyers\New folder\468335060_10161886676890309_7506949599628995618_n.jpg,489,720,0.679,85,111.5,53.2,5078.8,35.9,
33,6.28,B,UNIQUE,EXTRA,506749214_10229836038661135_5242571151754035163_n.jpg,C:\Users\djlet\Documents\00- Knowledge\Skillz HQ (Site)\Website Assets\EXTRA\506749214_10229836038661135_5242571151754035163_n.jpg,604,453,1.333,36,130.5,73.9,4893.5,14.2,
34,6.28,B,UNIQUE,EXTRA,In Poland with the 961 Underground Family.jpg,C:\Users\djlet\Documents\00- Knowledge\Skillz HQ (Site)\Website Assets\EXTRA\In Poland with the 961 Underground Family.jpg,720,540,1.333,78,104.1,46.4,2865.6,27.3,
35,6.27,D,IN FRAGMENTS,Events,"Straight Outta Apex (Zouk, Kuala Lumpur).jpg","C:\Users\djlet\Documents\00- Knowledge\Skillz HQ (Site)\Website Assets\Events\Straight Outta Apex (Zouk, Kuala Lumpur).jpg",1000,380,2.632,59,125.4,94.7,8978.0,26.2,
36,6.25,B,UNIQUE,EXTRA,648166844_10233002386577854_7991705150827879446_n.jpg,C:\Users\djlet\Documents\00- Knowledge\Skillz HQ (Site)\Website Assets\EXTRA\648166844_10233002386577854_7991705150827879446_n.jpg,612,612,1.0,30,105.0,91.4,8662.9,7.9,
37,6.13,B,UNIQUE,Events,10400827_75366625299_1128_n.jpg,C:\Users\djlet\Documents\00- Knowledge\Skillz HQ (Site)\Website Assets\Events\10400827_75366625299_1128_n.jpg,604,416,1.452,70,57.6,63.8,5874.9,23.2,
38,6.09,D,IN FRAGMENTS,Flyers,53871674_10214391455356205_2078982497336557568_n.jpg,C:\Users\djlet\Documents\00- Knowledge\Skillz HQ (Site)\Website Assets\Flyers\New folder\53871674_10214391455356205_2078982497336557568_n.jpg,1440,1440,1.0,213,153.2,98.5,9206.4,14.1,
39,6.07,D,IN FRAGMENTS,Flyers,641495483_10232822213553641_324115600301646265_n.jpg,C:\Users\djlet\Documents\00- Knowledge\Skillz HQ (Site)\Website Assets\Flyers\New folder\641495483_10232822213553641_324115600301646265_n.jpg,1275,1875,0.68,421,83.6,81.5,8271.9,21.3,
40,6.06,C,SIMILAR,Events,FB_IMG_1492575891502.jpg,C:\Users\djlet\Documents\00- Knowledge\Skillz HQ (Site)\Website Assets\Events\FB_IMG_1492575891502.jpg,960,640,1.5,98,74.1,64.1,6216.1,27.1,
41,6.01,C,SIMILAR,Events,Zion Club - Room 808 (Kuala Lumpur) 2.jpg,C:\Users\djlet\Documents\00- Knowledge\Skillz HQ (Site)\Website Assets\Events\Zion Club - Room 808 (Kuala Lumpur) 2.jpg,2048,1365,1.5,327,63.6,72.0,7659.7,11.4,
42,5.95,D,TRUE DUP,Events,647209326_10232986581902747_513728792879661433_n.jpg,C:\Users\djlet\Documents\00- Knowledge\Skillz HQ (Site)\Website Assets\Events\647209326_10232986581902747_513728792879661433_n.jpg,720,540,1.333,54,89.7,63.6,4817.5,10.9,
43,5.95,D,TRUE DUP,EXTRA,508282818_10229894360279139_3441705804112719046_n.jpg,C:\Users\djlet\Documents\00- Knowledge\Skillz HQ (Site)\Website Assets\EXTRA\508282818_10229894360279139_3441705804112719046_n.jpg,720,540,1.333,54,89.7,63.6,4817.5,10.9,
44,5.86,C,SIMILAR,Flyers,468249413_10161870501475309_730235162615942162_n.jpg,C:\Users\djlet\Documents\00- Knowledge\Skillz HQ (Site)\Website Assets\Flyers\New folder\468249413_10161870501475309_730235162615942162_n.jpg,800,557,1.436,85,122.7,71.7,6240.6,22.3,
45,5.82,C,SIMILAR,Flyers,468858930_10162040438920309_3869717611777824184_n.jpg,C:\Users\djlet\Documents\00- Knowledge\Skillz HQ (Site)\Website Assets\Flyers\New folder\468858930_10162040438920309_3869717611777824184_n.jpg,358,720,0.497,56,35.2,65.5,4354.8,30.9,
46,5.75,C,UNIQUE,EXTRA,507976310_10229881381154669_1555449794014313077_n.jpg,C:\Users\djlet\Documents\00- Knowledge\Skillz HQ (Site)\Website Assets\EXTRA\507976310_10229881381154669_1555449794014313077_n.jpg,640,479,1.336,44,119.5,68.9,6073.2,12.4,
47,5.73,C,UNIQUE,EXTRA,961UnderGround.jpg,C:\Users\djlet\Documents\00- Knowledge\Skillz HQ (Site)\Website Assets\EXTRA\961UnderGround.jpg,3000,3000,1.0,1149,128.3,69.1,5191.1,6.8,
48,5.72,C,SIMILAR,EXTRA,642345026_10232873175307653_704978144502866350_n.jpg,C:\Users\djlet\Documents\00- Knowledge\Skillz HQ (Site)\Website Assets\EXTRA\642345026_10232873175307653_704978144502866350_n.jpg,612,612,1.0,73,85.2,64.5,4570.1,24.5,
49,5.69,C,SIMILAR,Flyers,468721776_10162041361760309_4601825654544236588_n.jpg,C:\Users\djlet\Documents\00- Knowledge\Skillz HQ (Site)\Website Assets\Flyers\New folder\468721776_10162041361760309_4601825654544236588_n.jpg,200,281,0.712,18,45.4,57.1,3595.2,40.8,
50,5.68,C,UNIQUE,EXTRA,video shooot.jpg,C:\Users\djlet\Documents\00- Knowledge\Skillz HQ (Site)\Website Assets\EXTRA\video shooot.jpg,600,398,1.508,31,112.6,59.1,3228.5,15.3,
51,5.56,C,UNIQUE,Events,651170777_10233180524511191_6245988882336718140_n.jpg,C:\Users\djlet\Documents\00- Knowledge\Skillz HQ (Site)\Website Assets\Events\651170777_10233180524511191_6245988882336718140_n.jpg,720,479,1.503,29,60.1,69.2,4521.7,7.4,
52,5.52,C,SIMILAR,Flyers,468789904_10162040435820309_6541437996733752856_n.jpg,C:\Users\djlet\Documents\00- Knowledge\Skillz HQ (Site)\Website Assets\Flyers\New folder\468789904_10162040435820309_6541437996733752856_n.jpg,200,284,0.704,21,135.4,47.7,5261.1,42.5,
53,5.42,C,UNIQUE,Flyers,468871509_10162040435815309_2226904185834998769_n.jpg,C:\Users\djlet\Documents\00- Knowledge\Skillz HQ (Site)\Website Assets\Flyers\New folder\468871509_10162040435815309_2226904185834998769_n.jpg,490,720,0.681,68,199.9,52.4,4940.4,22.0,
54,5.41,C,UNIQUE,Events,468582267_10161951732365309_6071568775742224079_n.jpg,C:\Users\djlet\Documents\00- Knowledge\Skillz HQ (Site)\Website Assets\Events\468582267_10161951732365309_6071568775742224079_n.jpg,960,720,1.333,87,61.2,62.0,5656.5,10.5,
55,5.32,C,UNIQUE,Events,FB_IMG_1492575898573.jpg,C:\Users\djlet\Documents\00- Knowledge\Skillz HQ (Site)\Website Assets\Events\FB_IMG_1492575898573.jpg,960,640,1.5,78,51.4,62.4,5399.9,18.2,
56,5.3,C,UNIQUE,Events,Zion Club - Room 808 (Kuala Lumpur) 3.jpg,C:\Users\djlet\Documents\00- Knowledge\Skillz HQ (Site)\Website Assets\Events\Zion Club - Room 808 (Kuala Lumpur) 3.jpg,960,639,1.502,74,31.5,55.8,3938.6,14.5,
57,5.29,C,SIMILAR,EXTRA,597224865_10231898998513842_7725434957744926200_n.jpg,C:\Users\djlet\Documents\00- Knowledge\Skillz HQ (Site)\Website Assets\EXTRA\597224865_10231898998513842_7725434957744926200_n.jpg,720,670,1.075,91,95.5,59.8,4569.3,23.7,
58,5.27,C,SIMILAR,Flyers,54417777_10214449376324193_4943617588031651840_n.jpg,C:\Users\djlet\Documents\00- Knowledge\Skillz HQ (Site)\Website Assets\Flyers\New folder\54417777_10214449376324193_4943617588031651840_n.jpg,672,351,1.915,47,179.6,60.9,3174.0,34.2,
59,5.26,D,IN FRAGMENTS,Events,"Dragon Temple (DJ Lethal Skillz Music Video Shoot) South East Asia, Malaysia.jpg","C:\Users\djlet\Documents\00- Knowledge\Skillz HQ (Site)\Website Assets\Events\Dragon Temple (DJ Lethal Skillz Music Video Shoot) South East Asia, Malaysia.jpg",960,639,1.502,106,122.0,60.8,3047.1,23.1,
60,5.23,C,SIMILAR,Events,Redbul 3style (Lebanon).jpg,C:\Users\djlet\Documents\00- Knowledge\Skillz HQ (Site)\Website Assets\Events\Redbul 3style (Lebanon).jpg,1440,1440,1.0,221,123.0,63.8,5426.3,10.2,
61,5.19,C,UNIQUE,Flyers,466427020_10227736661698023_4596262800291937786_n.jpg,C:\Users\djlet\Documents\00- Knowledge\Skillz HQ (Site)\Website Assets\Flyers\New folder\466427020_10227736661698023_4596262800291937786_n.jpg,960,507,1.893,44,67.0,63.7,7032.1,15.0,
62,5.15,C,UNIQUE,EXTRA,Vibe Lebanon (Old Online Radio Station and DJ Workshop).jpg,C:\Users\djlet\Documents\00- Knowledge\Skillz HQ (Site)\Website Assets\EXTRA\Vibe Lebanon (Old Online Radio Station and DJ Workshop).jpg,453,604,0.75,35,69.2,56.4,4319.0,11.3,
63,5.11,C,UNIQUE,EXTRA,508433372_10229894002230188_8557880953319925939_n.jpg,C:\Users\djlet\Documents\00- Knowledge\Skillz HQ (Site)\Website Assets\EXTRA\508433372_10229894002230188_8557880953319925939_n.jpg,720,480,1.5,44,109.0,60.9,3816.0,10.5,
64,5.01,C,SIMILAR,EXTRA,506862847_10229877987469829_7954230741820805738_n.jpg,C:\Users\djlet\Documents\00- Knowledge\Skillz HQ (Site)\Website Assets\EXTRA\506862847_10229877987469829_7954230741820805738_n.jpg,479,719,0.666,36,39.8,69.2,5672.1,11.9,
65,4.88,C,UNIQUE,Events,468489357_10161951732335309_5774086694127596892_n.jpg,C:\Users\djlet\Documents\00- Knowledge\Skillz HQ (Site)\Website Assets\Events\468489357_10161951732335309_5774086694127596892_n.jpg,960,720,1.333,81,54.4,59.3,6058.3,9.6,
66,4.83,C,UNIQUE,Events,FB_IMG_1492575910588.jpg,C:\Users\djlet\Documents\00- Knowledge\Skillz HQ (Site)\Website Assets\Events\FB_IMG_1492575910588.jpg,960,640,1.5,81,45.0,54.1,4587.7,21.1,
67,4.82,C,UNIQUE,EXTRA,Video Shoot (KL 2 Beirut).jpg,C:\Users\djlet\Documents\00- Knowledge\Skillz HQ (Site)\Website Assets\EXTRA\Video Shoot (KL 2 Beirut).jpg,600,400,1.5,31,100.2,49.5,3555.4,12.7,
68,4.79,C,SIMILAR,EXTRA,480311245_1321756422262617_3315736719885471063_n.jpg,C:\Users\djlet\Documents\00- Knowledge\Skillz HQ (Site)\Website Assets\EXTRA\480311245_1321756422262617_3315736719885471063_n.jpg,1440,1440,1.0,243,122.1,68.7,4715.0,10.7,
69,4.75,C,UNIQUE,Events,655591395_10233322056329398_3971996770695560855_n.jpg,C:\Users\djlet\Documents\00- Knowledge\Skillz HQ (Site)\Website Assets\Events\655591395_10233322056329398_3971996770695560855_n.jpg,960,640,1.5,90,78.6,46.2,3366.4,16.7,
70,4.7,C,UNIQUE,EXTRA,55759886_10214491119207739_8173525533989011456_n.jpg,C:\Users\djlet\Documents\00- Knowledge\Skillz HQ (Site)\Website Assets\EXTRA\55759886_10214491119207739_8173525533989011456_n.jpg,720,720,1.0,58,86.5,51.8,2925.6,13.2,
71,4.69,C,SIMILAR,EXTRA,597612006_10231898999833875_3676851760203985567_n.jpg,C:\Users\djlet\Documents\00- Knowledge\Skillz HQ (Site)\Website Assets\EXTRA\597612006_10231898999833875_3676851760203985567_n.jpg,720,629,1.145,77,62.6,50.6,4734.6,19.1,
72,4.63,D,IN FRAGMENTS,Events,Zion Club - Room 808 (Kuala Lumpur).jpg,C:\Users\djlet\Documents\00- Knowledge\Skillz HQ (Site)\Website Assets\Events\Zion Club - Room 808 (Kuala Lumpur).jpg,960,640,1.5,73,39.4,60.4,5019.8,13.0,
73,4.59,C,UNIQUE,Flyers,FB_IMG_1492602931552.jpg,C:\Users\djlet\Documents\00- Knowledge\Skillz HQ (Site)\Website Assets\Flyers\New folder\FB_IMG_1492602931552.jpg,960,960,1.0,76,70.0,47.5,4836.7,7.5,
74,4.56,C,SIMILAR,EXTRA,508417559_10229878027110820_104135887720268107_n.jpg,C:\Users\djlet\Documents\00- Knowledge\Skillz HQ (Site)\Website Assets\EXTRA\508417559_10229878027110820_104135887720268107_n.jpg,720,478,1.506,41,30.0,57.5,3899.5,14.9,
75,4.51,C,UNIQUE,Events,468732529_10162045580025309_6046945701324336403_n.jpg,C:\Users\djlet\Documents\00- Knowledge\Skillz HQ (Site)\Website Assets\Events\468732529_10162045580025309_6046945701324336403_n.jpg,2048,1364,1.501,279,160.6,55.1,4203.8,7.9,
76,4.49,C,SIMILAR,Events,653709268_10233299311960803_3690588883257205153_n.jpg,C:\Users\djlet\Documents\00- Knowledge\Skillz HQ (Site)\Website Assets\Events\653709268_10233299311960803_3690588883257205153_n.jpg,960,640,1.5,81,70.6,57.3,3986.0,13.6,
77,4.47,C,UNIQUE,EXTRA,644560162_10232917690940516_1815341248806058844_n.jpg,C:\Users\djlet\Documents\00- Knowledge\Skillz HQ (Site)\Website Assets\EXTRA\644560162_10232917690940516_1815341248806058844_n.jpg,348,369,0.943,18,162.3,42.7,2339.8,14.9,
78,4.26,C,SIMILAR,EXTRA,598671703_10231899000433890_2961925451015256478_n.jpg,C:\Users\djlet\Documents\00- Knowledge\Skillz HQ (Site)\Website Assets\EXTRA\598671703_10231899000433890_2961925451015256478_n.jpg,720,479,1.503,58,59.3,54.4,2986.5,18.3,
79,4.11,C,SIMILAR,Events,FB_IMG_1492575918174.jpg,C:\Users\djlet\Documents\00- Knowledge\Skillz HQ (Site)\Website Assets\Events\FB_IMG_1492575918174.jpg,960,640,1.5,92,37.9,48.8,4239.8,21.6,
80,4.11,C,UNIQUE,EXTRA,597149525_10231899002993954_6758812525821705846_n.jpg,C:\Users\djlet\Documents\00- Knowledge\Skillz HQ (Site)\Website Assets\EXTRA\597149525_10231899002993954_6758812525821705846_n.jpg,720,540,1.333,54,95.6,51.6,3180.8,8.8,
81,4.04,C,SIMILAR,EXTRA,645427045_10232927439064213_4575629772778937193_n.jpg,C:\Users\djlet\Documents\00- Knowledge\Skillz HQ (Site)\Website Assets\EXTRA\645427045_10232927439064213_4575629772778937193_n.jpg,612,612,1.0,46,59.9,56.6,3697.9,10.2,
82,3.6,C,SIMILAR,Events,469001096_10162100365600309_3116842071355519669_n.jpg,C:\Users\djlet\Documents\00- Knowledge\Skillz HQ (Site)\Website Assets\Events\469001096_10162100365600309_3116842071355519669_n.jpg,1280,720,1.778,65,49.0,60.2,3079.5,4.4,
83,3.6,C,SIMILAR,Events,644587224_10232926622083789_8426647757911025207_n.jpg,C:\Users\djlet\Documents\00- Knowledge\Skillz HQ (Site)\Website Assets\Events\644587224_10232926622083789_8426647757911025207_n.jpg,960,638,1.505,63,54.5,52.5,2754.3,10.9,
84,3.58,C,UNIQUE,Events,644108685_10232939665089856_4740668352575741569_n.jpg,C:\Users\djlet\Documents\00- Knowledge\Skillz HQ (Site)\Website Assets\Events\644108685_10232939665089856_4740668352575741569_n.jpg,800,530,1.509,24,15.1,31.0,1143.8,3.4,
85,3.53,C,SIMILAR,Events,646149115_10232917781142771_8531676910925691371_n.jpg,C:\Users\djlet\Documents\00- Knowledge\Skillz HQ (Site)\Website Assets\Events\646149115_10232917781142771_8531676910925691371_n.jpg,2048,1363,1.503,172,39.9,55.8,3384.6,4.5,
86,3.33,C,UNIQUE,Events,Portfolio - Skillz_Page_3_Image_0009.jpg,C:\Users\djlet\Documents\00- Knowledge\Skillz HQ (Site)\Website Assets\Events\Portfolio - Skillz_Page_3_Image_0009.jpg,1074,624,1.721,93,56.2,47.2,2825.2,8.8,
87,3.11,D,IN FRAGMENTS,Events,Radio Beirut.jpg,C:\Users\djlet\Documents\00- Knowledge\Skillz HQ (Site)\Website Assets\Events\Radio Beirut.jpg,612,612,1.0,28,42.4,42.7,2115.5,6.6,
88,3.08,C,SIMILAR,Flyers,466675595_10227763195961363_2762937108234791943_n.jpg,C:\Users\djlet\Documents\00- Knowledge\Skillz HQ (Site)\Website Assets\Flyers\New folder\466675595_10227763195961363_2762937108234791943_n.jpg,1080,1080,1.0,97,51.7,39.1,1787.6,10.8,
89,2.59,C,SIMILAR,EXTRA,506185171_10229789182089750_3701468029399108900_n.jpg,C:\Users\djlet\Documents\00- Knowledge\Skillz HQ (Site)\Website Assets\EXTRA\506185171_10229789182089750_3701468029399108900_n.jpg,604,403,1.499,24,28.5,39.9,2668.5,6.7,
